{
    "$schema": "https://schema.management.azure.com/schemas/2019-04-01/deploymentTemplate.json#",
    "contentVersion": "1.0.0.0",
    "parameters": {
      "imageTemplateName": {
        "type": "string"
        },
        "api-version": {
          "type": "string"
        },
        "svclocation": {
            "type": "string"
        }
    },
    
    "variables": {
    },


    "resources": [
      {
        "name": "[parameters('imageTemplateName')]",
        "type": "Microsoft.VirtualMachineImages/imageTemplates",
        "apiVersion": "[parameters('api-version')]",
        "location": "[parameters('svclocation')]",
        "dependsOn": [],
        "tags": {
            "imagebuilderTemplate": "AzureImageBuilderSIG",
            "userIdentity": "enabled"
                },
            "identity": {
                "type": "UserAssigned",
                        "userAssignedIdentities": {
                        "<imgBuilderId>": {}
                            
                    }
                    },
        
        "properties": {
            "buildTimeoutInMinutes" : 120,

            "vmProfile": 
                    {
                    "vmSize": "Standard_D4as_v5",
                    "osDiskSizeGB": 127
                    },
        
            "source": {
                "type": "PlatformImage",
                    "publisher": "<publisher>",
                    "offer": "<offer>",
                    "sku": "<sku>",
                    "version": "<version>"
            },
            "customize": [
                    {
                        "type": "PowerShell",
                        "name": "Win10reg",
                        "runElevated": true,
                        "runAsSystem": true,
                        "scriptUri": "https://raw.githubusercontent.com/knowledgebaseit/AIB/main/Customize/Win10reg/Win10reg.ps1"
                    },
                    {
                        "type": "PowerShell",
                        "name": "Languagepack_NL",
                        "runElevated": true,
                        "runAsSystem": true,
                        "scriptUri": "https://raw.githubusercontent.com/knowledgebaseit/AIB/main/Customize/Languagepack/Download_NL_Win10_LXP.ps1"
                    },
                    {
                        "type": "WindowsRestart",
                        "restartCheckCommand": "write-host 'restarting post Office installation'",
                        "restartTimeout": "10m"
                    },     
                    {
                        "type": "PowerShell",
                        "name": "Office",
                        "runElevated": true,
                        "runAsSystem": true,
                        "scriptUri": "<office>"
                    },
                    {
                        "type": "PowerShell",
                        "name": "NL-NL_Teams",
                        "runElevated": true,
                        "runAsSystem": true,
                        "scriptUri": "https://raw.githubusercontent.com/knowledgebaseit/AIB/main/Customize/Teams/installTeams_NL.ps1"
                    },
                    {
                        "type": "WindowsRestart",
                        "restartCheckCommand": "write-host 'restarting post Office installation'",
                        "restartTimeout": "5m"
                    },                    
                    {
                        "type": "WindowsUpdate",
                        "searchCriteria": "IsInstalled=0",
                        "filters": [
                            "exclude:$_.Title -like '*Preview*'",
                            "include:$true"
                                    ],
                        "updateLimit": 40
                    }
            ],
            "distribute": [
                {
                    "type": "SharedImage",
                    "galleryImageId": "/subscriptions/<subscriptionID>/resourceGroups/<rgName>/providers/Microsoft.Compute/galleries/<sharedImageGalName>/images/<imageDefName>",
                    "runOutputName": "<runOutputName>",
                    "artifactTags": {
                        "source": "wvd10",
                        "baseosimg": "windows10"
                    },
                    "replicationRegions": [
                        "<region>"
                    ]
                }
                ]
            }
        }
    ]
}